nome,celular,tipo,ddd,city,state,nota_arquivo,responsavel_pacote_a3,tools_searchapi_principais,multiplicidade_enrich,projecao_creditos_searchapi_mid,projecao_custo_usd_searchapi_min,projecao_custo_usd_searchapi_max,projecao_custo_brl_searchapi_mid,score_nao_disponivel_neste_csv
BLUEFIT ACADEMIAS - SP - SJC - JD ORIENT,11972452209,cel_limpo,11,SAO JOSE DOS CAMPO,SP,LEAD_LIST_NAO_RELATORIO_CUSTO,A3a_CompetitorIntel,descobrir_maps|reviews|popular_times|instagram|google_light,MAX_ENRIQUECIMENTO=6,20,0.06,0.1,0.432,exportar_relatorios_com_score_bairro
BUCKLER FIT,11973472733,cel_limpo,11,MACEIO,AL,LEAD_LIST_NAO_RELATORIO_CUSTO,A3a_CompetitorIntel,descobrir_maps|reviews|popular_times|instagram|google_light,MAX_ENRIQUECIMENTO=6,20,0.06,0.1,0.432,exportar_relatorios_com_score_bairro
BUCKLER GROUP LTDA,11953050354,cel_limpo,11,SAO PAULO,SP,LEAD_LIST_NAO_RELATORIO_CUSTO,A3a_CompetitorIntel,descobrir_maps|reviews|popular_times|instagram|google_light,MAX_ENRIQUECIMENTO=6,20,0.06,0.1,0.432,exportar_relatorios_com_score_bairro
GUARUCENTER ACADEMIA DE MUSCULACAO,11976383144,cel_limpo,11,GUARULHOS,SP,LEAD_LIST_NAO_RELATORIO_CUSTO,A3a_CompetitorIntel,descobrir_maps|reviews|popular_times|instagram|google_light,MAX_ENRIQUECIMENTO=6,20,0.06,0.1,0.432,exportar_relatorios_com_score_bairro
MOTION FIT - SAO MIGUEL ACADEMIA LTDA,11914088388,cel_limpo,11,SAO PAULO,SP,LEAD_LIST_NAO_RELATORIO_CUSTO,A3a_CompetitorIntel,descobrir_maps|reviews|popular_times|instagram|google_light,MAX_ENRIQUECIMENTO=6,20,0.06,0.1,0.432,exportar_relatorios_com_score_bairro
MOTION FIT PIRES DO RIO ACADEMIA LTDA,11976526753,cel_limpo,11,SAO PAULO,SP,LEAD_LIST_NAO_RELATORIO_CUSTO,A3a_CompetitorIntel,descobrir_maps|reviews|popular_times|instagram|google_light,MAX_ENRIQUECIMENTO=6,20,0.06,0.1,0.432,exportar_relatorios_com_score_bairro
MOTION FIT SUZANO ACADEMIA LTDA,11952244759,cel_limpo,11,SUZANO,SP,LEAD_LIST_NAO_RELATORIO_CUSTO,A3a_CompetitorIntel,descobrir_maps|reviews|popular_times|instagram|google_light,MAX_ENRIQUECIMENTO=6,20,0.06,0.1,0.432,exportar_relatorios_com_score_bairro
MOVFIT CT LTDA,11957777052,cel_limpo,11,SANTAREM,PA,LEAD_LIST_NAO_RELATORIO_CUSTO,A3a_CompetitorIntel,descobrir_maps|reviews|popular_times|instagram|google_light,MAX_ENRIQUECIMENTO=6,20,0.06,0.1,0.432,exportar_relatorios_com_score_bairro
R&AMP;C FITNESS LTDA,11984529218,cel_limpo,11,CARAPICUIBA,SP,LEAD_LIST_NAO_RELATORIO_CUSTO,A3a_CompetitorIntel,descobrir_maps|reviews|popular_times|instagram|google_light,MAX_ENRIQUECIMENTO=6,20,0.06,0.1,0.432,exportar_relatorios_com_score_bairro
RAFAEL PROTEIN ASS EM CONDICIONAMENTO FI,11985147006,cel_limpo,11,SAO PAULO,SP,LEAD_LIST_NAO_RELATORIO_CUSTO,A3a_CompetitorIntel,descobrir_maps|reviews|popular_times|instagram|google_light,MAX_ENRIQUECIMENTO=6,20,0.06,0.1,0.432,exportar_relatorios_com_score_bairro
REV PARTICIPACOES E INVESTIMENTOS LTDA,11957113912,cel_limpo,11,SAO PAULO,SP,LEAD_LIST_NAO_RELATORIO_CUSTO,A3a_CompetitorIntel,descobrir_maps|reviews|popular_times|instagram|google_light,MAX_ENRIQUECIMENTO=6,20,0.06,0.1,0.432,exportar_relatorios_com_score_bairro
SELF IT ACADEMIAS HOLDING S.A.,11987730029,cel_limpo,11,PAULISTA,PE,LEAD_LIST_NAO_RELATORIO_CUSTO,A3a_CompetitorIntel,descobrir_maps|reviews|popular_times|instagram|google_light,MAX_ENRIQUECIMENTO=6,20,0.06,0.1,0.432,exportar_relatorios_com_score_bairro
SELF IT ACADEMIAS HOLDING S.A.,11998181455,cel_limpo,11,PETROLINA,PE,LEAD_LIST_NAO_RELATORIO_CUSTO,A3a_CompetitorIntel,descobrir_maps|reviews|popular_times|instagram|google_light,MAX_ENRIQUECIMENTO=6,20,0.06,0.1,0.432,exportar_relatorios_com_score_bairro
STAR WHITE AUTO POSTO LTDA,11991853234,cel_limpo,11,SAO BERNARDO DO CA,SP,LEAD_LIST_NAO_RELATORIO_CUSTO,A3a_CompetitorIntel,descobrir_maps|reviews|popular_times|instagram|google_light,MAX_ENRIQUECIMENTO=6,20,0.06,0.1,0.432,exportar_relatorios_com_score_bairro
TOP UP 10 LTDA,11940122820,cel_limpo,11,FORTALEZA,CE,LEAD_LIST_NAO_RELATORIO_CUSTO,A3a_CompetitorIntel,descobrir_maps|reviews|popular_times|instagram|google_light,MAX_ENRIQUECIMENTO=6,20,0.06,0.1,0.432,exportar_relatorios_com_score_bairro
UBIRATAN ALAN DE CARVALHO REVANCHE FITNE,11931003366,cel_limpo,11,SAO PAULO,SP,LEAD_LIST_NAO_RELATORIO_CUSTO,A3a_CompetitorIntel,descobrir_maps|reviews|popular_times|instagram|google_light,MAX_ENRIQUECIMENTO=6,20,0.06,0.1,0.432,exportar_relatorios_com_score_bairro
UTF RIO CLARO ACADEMIA DE GINASTICA LTDA,11978408519,cel_limpo,11,RIO CLARO,SP,LEAD_LIST_NAO_RELATORIO_CUSTO,A3a_CompetitorIntel,descobrir_maps|reviews|popular_times|instagram|google_light,MAX_ENRIQUECIMENTO=6,20,0.06,0.1,0.432,exportar_relatorios_com_score_bairro
VR ACADEMIA LTDA,11940462569,cel_limpo,11,GUARULHOS,SP,LEAD_LIST_NAO_RELATORIO_CUSTO,A3a_CompetitorIntel,descobrir_maps|reviews|popular_times|instagram|google_light,MAX_ENRIQUECIMENTO=6,20,0.06,0.1,0.432,exportar_relatorios_com_score_bairro
WEDO.FIT - THE PROFESSIONAL GYM SOLUTION,11956094545,cel_limpo,11,SAO PAULO,SP,LEAD_LIST_NAO_RELATORIO_CUSTO,A3a_CompetitorIntel,descobrir_maps|reviews|popular_times|instagram|google_light,MAX_ENRIQUECIMENTO=6,20,0.06,0.1,0.432,exportar_relatorios_com_score_bairro
UJAC ACADEMIA DE GINASTICA LTDA,12997104949,cel_limpo,12,SAO JOSE DOS CAMPO,SP,LEAD_LIST_NAO_RELATORIO_CUSTO,A3a_CompetitorIntel,descobrir_maps|reviews|popular_times|instagram|google_light,MAX_ENRIQUECIMENTO=6,20,0.06,0.1,0.432,exportar_relatorios_com_score_bairro
MOTION FIT BADRA ACADEMIA LTDA,13991020746,cel_limpo,13,SAO PAULO,SP,LEAD_LIST_NAO_RELATORIO_CUSTO,A3a_CompetitorIntel,descobrir_maps|reviews|popular_times|instagram|google_light,MAX_ENRIQUECIMENTO=6,20,0.06,0.1,0.432,exportar_relatorios_com_score_bairro
2M OLIVEIRA CONFECCOES LTDA,14996304212,cel_limpo,14,BOTUCATU,SP,LEAD_LIST_NAO_RELATORIO_CUSTO,A3a_CompetitorIntel,descobrir_maps|reviews|popular_times|instagram|google_light,MAX_ENRIQUECIMENTO=6,20,0.06,0.1,0.432,exportar_relatorios_com_score_bairro
WTM FITNESS IMPORTS IMPORTACAO E COMERCI,16992331172,cel_limpo,16,FRANCA,SP,LEAD_LIST_NAO_RELATORIO_CUSTO,A3a_CompetitorIntel,descobrir_maps|reviews|popular_times|instagram|google_light,MAX_ENRIQUECIMENTO=6,20,0.06,0.1,0.432,exportar_relatorios_com_score_bairro
ABSOLUT GYM GINASIO DE ESPORTES LTDA,17996210100,cel_limpo,17,BARRETOS,SP,LEAD_LIST_NAO_RELATORIO_CUSTO,A3a_CompetitorIntel,descobrir_maps|reviews|popular_times|instagram|google_light,MAX_ENRIQUECIMENTO=6,20,0.06,0.1,0.432,exportar_relatorios_com_score_bairro
BARBOZA LEME  MARCHIOLI HOLDING LTDA,19993329588,cel_limpo,19,HORTOLANDIA,SP,LEAD_LIST_NAO_RELATORIO_CUSTO,A3a_CompetitorIntel,descobrir_maps|reviews|popular_times|instagram|google_light,MAX_ENRIQUECIMENTO=6,20,0.06,0.1,0.432,exportar_relatorios_com_score_bairro
MALIBU MMSP LTDA,19996778065,cel_limpo,19,MOGI MIRIM,SP,LEAD_LIST_NAO_RELATORIO_CUSTO,A3a_CompetitorIntel,descobrir_maps|reviews|popular_times|instagram|google_light,MAX_ENRIQUECIMENTO=6,20,0.06,0.1,0.432,exportar_relatorios_com_score_bairro
MALIBU PRESIDENTE ACADEMIA LTDA,19997623208,cel_limpo,19,PRESIDENTE PRUDENT,SP,LEAD_LIST_NAO_RELATORIO_CUSTO,A3a_CompetitorIntel,descobrir_maps|reviews|popular_times|instagram|google_light,MAX_ENRIQUECIMENTO=6,20,0.06,0.1,0.432,exportar_relatorios_com_score_bairro
TM ACADEMIA DE GINASTICA LTDA,19982461726,cel_limpo,19,HORTOLANDIA,SP,LEAD_LIST_NAO_RELATORIO_CUSTO,A3a_CompetitorIntel,descobrir_maps|reviews|popular_times|instagram|google_light,MAX_ENRIQUECIMENTO=6,20,0.06,0.1,0.432,exportar_relatorios_com_score_bairro
CAPRICORNIUS CENTRO DE TREINAMENTO LTDA,21964437275,cel_limpo,21,RIO DE JANEIRO,RJ,LEAD_LIST_NAO_RELATORIO_CUSTO,A3a_CompetitorIntel,descobrir_maps|reviews|popular_times|instagram|google_light,MAX_ENRIQUECIMENTO=6,20,0.06,0.1,0.432,exportar_relatorios_com_score_bairro
JULIANA TAVARES VIEIRA,21975602969,cel_limpo,21,CAXIAS DO SUL,RS,LEAD_LIST_NAO_RELATORIO_CUSTO,A3a_CompetitorIntel,descobrir_maps|reviews|popular_times|instagram|google_light,MAX_ENRIQUECIMENTO=6,20,0.06,0.1,0.432,exportar_relatorios_com_score_bairro
OLIMPO  CIA LTDA,21996080616,cel_limpo,21,RIO DE JANEIRO,RJ,LEAD_LIST_NAO_RELATORIO_CUSTO,A3a_CompetitorIntel,descobrir_maps|reviews|popular_times|instagram|google_light,MAX_ENRIQUECIMENTO=6,20,0.06,0.1,0.432,exportar_relatorios_com_score_bairro
STETICA SPORT CENTER LTDA,21972105855,cel_limpo,21,RIO DE JANEIRO,RJ,LEAD_LIST_NAO_RELATORIO_CUSTO,A3a_CompetitorIntel,descobrir_maps|reviews|popular_times|instagram|google_light,MAX_ENRIQUECIMENTO=6,20,0.06,0.1,0.432,exportar_relatorios_com_score_bairro
CSM COMERCIAL LTDA,31992964571,cel_limpo,31,VITORIA,ES,LEAD_LIST_NAO_RELATORIO_CUSTO,A3a_CompetitorIntel,descobrir_maps|reviews|popular_times|instagram|google_light,MAX_ENRIQUECIMENTO=6,20,0.06,0.1,0.432,exportar_relatorios_com_score_bairro
POWER FITNESS ACADEMIA BOM DESPACHO LTDA,31998034511,cel_limpo,31,BOM DESPACHO,MG,LEAD_LIST_NAO_RELATORIO_CUSTO,A3a_CompetitorIntel,descobrir_maps|reviews|popular_times|instagram|google_light,MAX_ENRIQUECIMENTO=6,20,0.06,0.1,0.432,exportar_relatorios_com_score_bairro
POWER FITNESS MARIANA ACADEMIA LTDA,31996109856,cel_limpo,31,MARIANA,MG,LEAD_LIST_NAO_RELATORIO_CUSTO,A3a_CompetitorIntel,descobrir_maps|reviews|popular_times|instagram|google_light,MAX_ENRIQUECIMENTO=6,20,0.06,0.1,0.432,exportar_relatorios_com_score_bairro
ROOTS WELLNESS - ONE BODY CENTER,34984081965,cel_limpo,34,UBERLANDIA,MG,LEAD_LIST_NAO_RELATORIO_CUSTO,A3a_CompetitorIntel,descobrir_maps|reviews|popular_times|instagram|google_light,MAX_ENRIQUECIMENTO=6,20,0.06,0.1,0.432,exportar_relatorios_com_score_bairro
ACADEMIA BIOFISIC BATATAIS LTDA,35988319950,cel_limpo,35,BATATAIS,SP,LEAD_LIST_NAO_RELATORIO_CUSTO,A3a_CompetitorIntel,descobrir_maps|reviews|popular_times|instagram|google_light,MAX_ENRIQUECIMENTO=6,20,0.06,0.1,0.432,exportar_relatorios_com_score_bairro
BIO HEALTH FITNESS  WELLNESS LTDA,35988101480,cel_limpo,35,POCOS DE CALDAS,MG,LEAD_LIST_NAO_RELATORIO_CUSTO,A3a_CompetitorIntel,descobrir_maps|reviews|popular_times|instagram|google_light,MAX_ENRIQUECIMENTO=6,20,0.06,0.1,0.432,exportar_relatorios_com_score_bairro
GOLD FITNESS ACADEMIA DE SAO LOURENCO LT,35987018823,cel_limpo,35,SAO LOURENCO,MG,LEAD_LIST_NAO_RELATORIO_CUSTO,A3a_CompetitorIntel,descobrir_maps|reviews|popular_times|instagram|google_light,MAX_ENRIQUECIMENTO=6,20,0.06,0.1,0.432,exportar_relatorios_com_score_bairro
ACADEMIA BLACK BULL FIT CAPAO RASO LTDA,41999242018,cel_limpo,41,CURITIBA,PR,LEAD_LIST_NAO_RELATORIO_CUSTO,A3a_CompetitorIntel,descobrir_maps|reviews|popular_times|instagram|google_light,MAX_ENRIQUECIMENTO=6,20,0.06,0.1,0.432,exportar_relatorios_com_score_bairro
SIMIONI COMERCIO E REPRESENTACAO LTDA,41999373026,cel_limpo,41,PAULO LOPES,SC,LEAD_LIST_NAO_RELATORIO_CUSTO,A3a_CompetitorIntel,descobrir_maps|reviews|popular_times|instagram|google_light,MAX_ENRIQUECIMENTO=6,20,0.06,0.1,0.432,exportar_relatorios_com_score_bairro
WOLNEI ROCHA DELLI,41988044465,cel_limpo,41,CURITIBA,PR,LEAD_LIST_NAO_RELATORIO_CUSTO,A3a_CompetitorIntel,descobrir_maps|reviews|popular_times|instagram|google_light,MAX_ENRIQUECIMENTO=6,20,0.06,0.1,0.432,exportar_relatorios_com_score_bairro
A R MAFRA CONFECCOES LTDA,43991252704,cel_limpo,43,GUAPIRAMA,PR,LEAD_LIST_NAO_RELATORIO_CUSTO,A3a_CompetitorIntel,descobrir_maps|reviews|popular_times|instagram|google_light,MAX_ENRIQUECIMENTO=6,20,0.06,0.1,0.432,exportar_relatorios_com_score_bairro
ELINEIA DA SILVA ALEXANDRE DAS NEVES 045,43996797269,cel_limpo,43,SIQUEIRA CAMPOS,PR,LEAD_LIST_NAO_RELATORIO_CUSTO,A3a_CompetitorIntel,descobrir_maps|reviews|popular_times|instagram|google_light,MAX_ENRIQUECIMENTO=6,20,0.06,0.1,0.432,exportar_relatorios_com_score_bairro
GABRIEL FARIA ISFER DE LIMA,47999299914,cel_limpo,47,BALNEARIO CAMBORIU,SC,LEAD_LIST_NAO_RELATORIO_CUSTO,A3a_CompetitorIntel,descobrir_maps|reviews|popular_times|instagram|google_light,MAX_ENRIQUECIMENTO=6,20,0.06,0.1,0.432,exportar_relatorios_com_score_bairro
JEFFERSON KAYAM DA ROCHA,47999356737,cel_limpo,47,SANTO ANTONIO DO D,GO,LEAD_LIST_NAO_RELATORIO_CUSTO,A3a_CompetitorIntel,descobrir_maps|reviews|popular_times|instagram|google_light,MAX_ENRIQUECIMENTO=6,20,0.06,0.1,0.432,exportar_relatorios_com_score_bairro
MARCOS GRACHER,47999891061,cel_limpo,47,BALNEARIO CAMBORIU,SC,LEAD_LIST_NAO_RELATORIO_CUSTO,A3a_CompetitorIntel,descobrir_maps|reviews|popular_times|instagram|google_light,MAX_ENRIQUECIMENTO=6,20,0.06,0.1,0.432,exportar_relatorios_com_score_bairro
"BLACK IRON ACADEMIA DE MUSCULACAO, ARTES",48991200826,cel_limpo,48,FLORIANOPOLIS,SC,LEAD_LIST_NAO_RELATORIO_CUSTO,A3a_CompetitorIntel,descobrir_maps|reviews|popular_times|instagram|google_light,MAX_ENRIQUECIMENTO=6,20,0.06,0.1,0.432,exportar_relatorios_com_score_bairro
ZEST IMPORTACAO E COMERCIO LTDA DEMAIS,54981114342,cel_limpo,54,ITAJAI,SC,LEAD_LIST_NAO_RELATORIO_CUSTO,A3a_CompetitorIntel,descobrir_maps|reviews|popular_times|instagram|google_light,MAX_ENRIQUECIMENTO=6,20,0.06,0.1,0.432,exportar_relatorios_com_score_bairro
ACADEMIA DUMBELL FITNESS LTDA,61992729670,cel_limpo,61,BRASILIA,DF,LEAD_LIST_NAO_RELATORIO_CUSTO,A3a_CompetitorIntel,descobrir_maps|reviews|popular_times|instagram|google_light,MAX_ENRIQUECIMENTO=6,20,0.06,0.1,0.432,exportar_relatorios_com_score_bairro
ACADEMIA E ATIVIDADES DESPORTIVAS LM LTD,61996585780,cel_limpo,61,BRASILIA,DF,LEAD_LIST_NAO_RELATORIO_CUSTO,A3a_CompetitorIntel,descobrir_maps|reviews|popular_times|instagram|google_light,MAX_ENRIQUECIMENTO=6,20,0.06,0.1,0.432,exportar_relatorios_com_score_bairro
AL ACADEMIA DE GINASTICA LTDA,61981775694,cel_limpo,61,AGUAS LINDAS DE GO,GO,LEAD_LIST_NAO_RELATORIO_CUSTO,A3a_CompetitorIntel,descobrir_maps|reviews|popular_times|instagram|google_light,MAX_ENRIQUECIMENTO=6,20,0.06,0.1,0.432,exportar_relatorios_com_score_bairro
DH FITNESS LTDA,61992300202,cel_limpo,61,BRASILIA,DF,LEAD_LIST_NAO_RELATORIO_CUSTO,A3a_CompetitorIntel,descobrir_maps|reviews|popular_times|instagram|google_light,MAX_ENRIQUECIMENTO=6,20,0.06,0.1,0.432,exportar_relatorios_com_score_bairro
FILIPE OLIVEIRA MARTINS,61984775841,cel_limpo,61,BRASILIA,DF,LEAD_LIST_NAO_RELATORIO_CUSTO,A3a_CompetitorIntel,descobrir_maps|reviews|popular_times|instagram|google_light,MAX_ENRIQUECIMENTO=6,20,0.06,0.1,0.432,exportar_relatorios_com_score_bairro
FORTE MUSCULACAO E FISIOTERAPIA LTDA,62999775383,cel_limpo,62,GOIANIA,GO,LEAD_LIST_NAO_RELATORIO_CUSTO,A3a_CompetitorIntel,descobrir_maps|reviews|popular_times|instagram|google_light,MAX_ENRIQUECIMENTO=6,20,0.06,0.1,0.432,exportar_relatorios_com_score_bairro
JR COMERCIO DE EQUIPAMENTOS FITNESS LTDA,62981592547,cel_limpo,62,APARECIDA DE GOIAN,GO,LEAD_LIST_NAO_RELATORIO_CUSTO,A3a_CompetitorIntel,descobrir_maps|reviews|popular_times|instagram|google_light,MAX_ENRIQUECIMENTO=6,20,0.06,0.1,0.432,exportar_relatorios_com_score_bairro
MEGA FITNESS CENTRO ESPORTIVO LTDA,62999658838,cel_limpo,62,SENADOR CANEDO,GO,LEAD_LIST_NAO_RELATORIO_CUSTO,A3a_CompetitorIntel,descobrir_maps|reviews|popular_times|instagram|google_light,MAX_ENRIQUECIMENTO=6,20,0.06,0.1,0.432,exportar_relatorios_com_score_bairro
ACADEMIA PROFIT LTDA,63981323839,cel_limpo,63,ARAGUAINA,TO,LEAD_LIST_NAO_RELATORIO_CUSTO,A3a_CompetitorIntel,descobrir_maps|reviews|popular_times|instagram|google_light,MAX_ENRIQUECIMENTO=6,20,0.06,0.1,0.432,exportar_relatorios_com_score_bairro
STUDIO NATALIA ALEXANDRE LTDA,64999634865,cel_limpo,64,JATAI,GO,LEAD_LIST_NAO_RELATORIO_CUSTO,A3a_CompetitorIntel,descobrir_maps|reviews|popular_times|instagram|google_light,MAX_ENRIQUECIMENTO=6,20,0.06,0.1,0.432,exportar_relatorios_com_score_bairro
GISA ACADEMIA LTDA,65999946869,cel_limpo,65,CUIABA,MT,LEAD_LIST_NAO_RELATORIO_CUSTO,A3a_CompetitorIntel,descobrir_maps|reviews|popular_times|instagram|google_light,MAX_ENRIQUECIMENTO=6,20,0.06,0.1,0.432,exportar_relatorios_com_score_bairro
WILLIAN OTAVIO SCHUMANN,66999046214,cel_limpo,66,SORRISO,MT,LEAD_LIST_NAO_RELATORIO_CUSTO,A3a_CompetitorIntel,descobrir_maps|reviews|popular_times|instagram|google_light,MAX_ENRIQUECIMENTO=6,20,0.06,0.1,0.432,exportar_relatorios_com_score_bairro
VILHENA CENTRO DE ATIVIDADES FISICAS LTD,69981117032,cel_limpo,69,VILHENA,RO,LEAD_LIST_NAO_RELATORIO_CUSTO,A3a_CompetitorIntel,descobrir_maps|reviews|popular_times|instagram|google_light,MAX_ENRIQUECIMENTO=6,20,0.06,0.1,0.432,exportar_relatorios_com_score_bairro
RLS DISTRIBUIDORA DE FRUTAS LTDA,71991322695,cel_limpo,71,SALVADOR,BA,LEAD_LIST_NAO_RELATORIO_CUSTO,A3a_CompetitorIntel,descobrir_maps|reviews|popular_times|instagram|google_light,MAX_ENRIQUECIMENTO=6,20,0.06,0.1,0.432,exportar_relatorios_com_score_bairro
LC HIIT ESTUDIO FITNESS E ACADEMIA LTDA,75981334320,cel_limpo,75,SANTO ANTONIO DE J,BA,LEAD_LIST_NAO_RELATORIO_CUSTO,A3a_CompetitorIntel,descobrir_maps|reviews|popular_times|instagram|google_light,MAX_ENRIQUECIMENTO=6,20,0.06,0.1,0.432,exportar_relatorios_com_score_bairro
VILLA GYM ACADEMIA LTDA,75999910383,cel_limpo,75,PAULO AFONSO,BA,LEAD_LIST_NAO_RELATORIO_CUSTO,A3a_CompetitorIntel,descobrir_maps|reviews|popular_times|instagram|google_light,MAX_ENRIQUECIMENTO=6,20,0.06,0.1,0.432,exportar_relatorios_com_score_bairro
CENTRO DE ESTETICA E FISIOTERAPIA INOVAC,81983231195,cel_limpo,81,RECIFE,PE,LEAD_LIST_NAO_RELATORIO_CUSTO,A3a_CompetitorIntel,descobrir_maps|reviews|popular_times|instagram|google_light,MAX_ENRIQUECIMENTO=6,20,0.06,0.1,0.432,exportar_relatorios_com_score_bairro
FRANCISCO GEOVANE NASCIMENTO DE OLIVEIRA,81996365537,cel_limpo,81,IPUBI,PE,LEAD_LIST_NAO_RELATORIO_CUSTO,A3a_CompetitorIntel,descobrir_maps|reviews|popular_times|instagram|google_light,MAX_ENRIQUECIMENTO=6,20,0.06,0.1,0.432,exportar_relatorios_com_score_bairro
VBBESSA LTDA,83988105149,cel_limpo,83,JOAO PESSOA,PB,LEAD_LIST_NAO_RELATORIO_CUSTO,A3a_CompetitorIntel,descobrir_maps|reviews|popular_times|instagram|google_light,MAX_ENRIQUECIMENTO=6,20,0.06,0.1,0.432,exportar_relatorios_com_score_bairro
D J R DE FRANCA,84987659647,cel_limpo,84,NATAL,RN,LEAD_LIST_NAO_RELATORIO_CUSTO,A3a_CompetitorIntel,descobrir_maps|reviews|popular_times|instagram|google_light,MAX_ENRIQUECIMENTO=6,20,0.06,0.1,0.432,exportar_relatorios_com_score_bairro
LIBRA PRIME LTDA,84999260569,cel_limpo,84,NATAL,RN,LEAD_LIST_NAO_RELATORIO_CUSTO,A3a_CompetitorIntel,descobrir_maps|reviews|popular_times|instagram|google_light,MAX_ENRIQUECIMENTO=6,20,0.06,0.1,0.432,exportar_relatorios_com_score_bairro
ACADEMIA PASSOS DE CONDICIONAMENTO E MUS,85994166292,cel_limpo,85,FORTALEZA,CE,LEAD_LIST_NAO_RELATORIO_CUSTO,A3a_CompetitorIntel,descobrir_maps|reviews|popular_times|instagram|google_light,MAX_ENRIQUECIMENTO=6,20,0.06,0.1,0.432,exportar_relatorios_com_score_bairro
MAX MOVE ACADEMIAS LTDA,85987783289,cel_limpo,85,FORTALEZA,CE,LEAD_LIST_NAO_RELATORIO_CUSTO,A3a_CompetitorIntel,descobrir_maps|reviews|popular_times|instagram|google_light,MAX_ENRIQUECIMENTO=6,20,0.06,0.1,0.432,exportar_relatorios_com_score_bairro
TOP UP 11 LTDA,85999975518,cel_limpo,85,FORTALEZA,CE,LEAD_LIST_NAO_RELATORIO_CUSTO,A3a_CompetitorIntel,descobrir_maps|reviews|popular_times|instagram|google_light,MAX_ENRIQUECIMENTO=6,20,0.06,0.1,0.432,exportar_relatorios_com_score_bairro
CAJU INCORPORADORA LTDA,86994064602,cel_limpo,86,CAJUEIRO DA PRAIA,PI,LEAD_LIST_NAO_RELATORIO_CUSTO,A3a_CompetitorIntel,descobrir_maps|reviews|popular_times|instagram|google_light,MAX_ENRIQUECIMENTO=6,20,0.06,0.1,0.432,exportar_relatorios_com_score_bairro
A N ALEXANDRE LTDA,91983641818,cel_limpo,91,SANTA MARIA DO PAR,PA,LEAD_LIST_NAO_RELATORIO_CUSTO,A3a_CompetitorIntel,descobrir_maps|reviews|popular_times|instagram|google_light,MAX_ENRIQUECIMENTO=6,20,0.06,0.1,0.432,exportar_relatorios_com_score_bairro
DANIEL LIMA GONZATTO,11998502951,cel_recup,11,CAXIAS DO SUL,RS,LEAD_LIST_NAO_RELATORIO_CUSTO,A3a_CompetitorIntel,descobrir_maps|reviews|popular_times|instagram|google_light,MAX_ENRIQUECIMENTO=6,20,0.06,0.1,0.432,exportar_relatorios_com_score_bairro
EDUARDO RIBEIRO VICENTE,11998592949,cel_recup,11,SAO PAULO,SP,LEAD_LIST_NAO_RELATORIO_CUSTO,A3a_CompetitorIntel,descobrir_maps|reviews|popular_times|instagram|google_light,MAX_ENRIQUECIMENTO=6,20,0.06,0.1,0.432,exportar_relatorios_com_score_bairro
GYMFLIX ACADEMIA,11981844030,cel_recup,11,BIRIGUI,SP,LEAD_LIST_NAO_RELATORIO_CUSTO,A3a_CompetitorIntel,descobrir_maps|reviews|popular_times|instagram|google_light,MAX_ENRIQUECIMENTO=6,20,0.06,0.1,0.432,exportar_relatorios_com_score_bairro
MOTION FIT ITAQUERA ACADEMIA LTDA,11989262177,cel_recup,11,SAO PAULO,SP,LEAD_LIST_NAO_RELATORIO_CUSTO,A3a_CompetitorIntel,descobrir_maps|reviews|popular_times|instagram|google_light,MAX_ENRIQUECIMENTO=6,20,0.06,0.1,0.432,exportar_relatorios_com_score_bairro
MOTION FIT SANTO ANDRE ACADEMIA LTDA,11987944415,cel_recup,11,SAO PAULO,SP,LEAD_LIST_NAO_RELATORIO_CUSTO,A3a_CompetitorIntel,descobrir_maps|reviews|popular_times|instagram|google_light,MAX_ENRIQUECIMENTO=6,20,0.06,0.1,0.432,exportar_relatorios_com_score_bairro
NITROGYM TAMBORE,11999999999,cel_recup,11,BARUERI,SP,LEAD_LIST_NAO_RELATORIO_CUSTO,A3a_CompetitorIntel,descobrir_maps|reviews|popular_times|instagram|google_light,MAX_ENRIQUECIMENTO=6,20,0.06,0.1,0.432,exportar_relatorios_com_score_bairro
PADRAO TREINAMENTOS PERSONALIZADO LTDA,11971489848,cel_recup,11,SUZANO,SP,LEAD_LIST_NAO_RELATORIO_CUSTO,A3a_CompetitorIntel,descobrir_maps|reviews|popular_times|instagram|google_light,MAX_ENRIQUECIMENTO=6,20,0.06,0.1,0.432,exportar_relatorios_com_score_bairro
QUALITY EXCEL IMPORTACAO DE PRODUTOS ESP,11993093096,cel_recup,11,SAO PAULO,SP,LEAD_LIST_NAO_RELATORIO_CUSTO,A3a_CompetitorIntel,descobrir_maps|reviews|popular_times|instagram|google_light,MAX_ENRIQUECIMENTO=6,20,0.06,0.1,0.432,exportar_relatorios_com_score_bairro
T. C. P. GRECO CONDICIONAMENTO FISICO E ,11972550908,cel_recup,11,JUNDIAI,SP,LEAD_LIST_NAO_RELATORIO_CUSTO,A3a_CompetitorIntel,descobrir_maps|reviews|popular_times|instagram|google_light,MAX_ENRIQUECIMENTO=6,20,0.06,0.1,0.432,exportar_relatorios_com_score_bairro
UTF ICARAI ACADEMIA DE GINASTICA LTDA,11971535509,cel_recup,11,NITEROI,RJ,LEAD_LIST_NAO_RELATORIO_CUSTO,A3a_CompetitorIntel,descobrir_maps|reviews|popular_times|instagram|google_light,MAX_ENRIQUECIMENTO=6,20,0.06,0.1,0.432,exportar_relatorios_com_score_bairro
VR ACADEMIA GUARULHOS LTDA,11992414726,cel_recup,11,GUARULHOS,SP,LEAD_LIST_NAO_RELATORIO_CUSTO,A3a_CompetitorIntel,descobrir_maps|reviews|popular_times|instagram|google_light,MAX_ENRIQUECIMENTO=6,20,0.06,0.1,0.432,exportar_relatorios_com_score_bairro
BIONDI FITNESS STUDIO LTDA,12981687416,cel_recup,12,TAUBATE,SP,LEAD_LIST_NAO_RELATORIO_CUSTO,A3a_CompetitorIntel,descobrir_maps|reviews|popular_times|instagram|google_light,MAX_ENRIQUECIMENTO=6,20,0.06,0.1,0.432,exportar_relatorios_com_score_bairro
UBATUBA TRAINING GYM LTDA,12985794668,cel_recup,12,UBATUBA,SP,LEAD_LIST_NAO_RELATORIO_CUSTO,A3a_CompetitorIntel,descobrir_maps|reviews|popular_times|instagram|google_light,MAX_ENRIQUECIMENTO=6,20,0.06,0.1,0.432,exportar_relatorios_com_score_bairro
MOTION FIT JACUI ACADEMIA LTDA,13991455573,cel_recup,13,SAO PAULO,SP,LEAD_LIST_NAO_RELATORIO_CUSTO,A3a_CompetitorIntel,descobrir_maps|reviews|popular_times|instagram|google_light,MAX_ENRIQUECIMENTO=6,20,0.06,0.1,0.432,exportar_relatorios_com_score_bairro
ASSOCIACAO RESERVA DOS YPES III,15997714331,cel_recup,15,TATUI,SP,LEAD_LIST_NAO_RELATORIO_CUSTO,A3a_CompetitorIntel,descobrir_maps|reviews|popular_times|instagram|google_light,MAX_ENRIQUECIMENTO=6,20,0.06,0.1,0.432,exportar_relatorios_com_score_bairro
ACADEMIA SKY CATANDUVA LTDA,16991955663,cel_recup,16,CATANDUVA,SP,LEAD_LIST_NAO_RELATORIO_CUSTO,A3a_CompetitorIntel,descobrir_maps|reviews|popular_times|instagram|google_light,MAX_ENRIQUECIMENTO=6,20,0.06,0.1,0.432,exportar_relatorios_com_score_bairro
GOLD GYM ACADEMIA LTDA,16991843501,cel_recup,16,SAO CARLOS,SP,LEAD_LIST_NAO_RELATORIO_CUSTO,A3a_CompetitorIntel,descobrir_maps|reviews|popular_times|instagram|google_light,MAX_ENRIQUECIMENTO=6,20,0.06,0.1,0.432,exportar_relatorios_com_score_bairro
SERGIO DE OLIVEIRA INDUSTRIA COMERCIO DE,17981491883,cel_recup,17,CEDRAL,SP,LEAD_LIST_NAO_RELATORIO_CUSTO,A3a_CompetitorIntel,descobrir_maps|reviews|popular_times|instagram|google_light,MAX_ENRIQUECIMENTO=6,20,0.06,0.1,0.432,exportar_relatorios_com_score_bairro
XR ACADEMIA E CENTRO DE TREINAMENTO LTDA,19974169661,cel_recup,19,SAO PAULO,SP,LEAD_LIST_NAO_RELATORIO_CUSTO,A3a_CompetitorIntel,descobrir_maps|reviews|popular_times|instagram|google_light,MAX_ENRIQUECIMENTO=6,20,0.06,0.1,0.432,exportar_relatorios_com_score_bairro
FABRICA PREMIUM OLEGARIO LTDA,21976139613,cel_recup,21,RIO DE JANEIRO,RJ,LEAD_LIST_NAO_RELATORIO_CUSTO,A3a_CompetitorIntel,descobrir_maps|reviews|popular_times|instagram|google_light,MAX_ENRIQUECIMENTO=6,20,0.06,0.1,0.432,exportar_relatorios_com_score_bairro
M & V ACADEMIA UTF,21985825407,cel_recup,21,RIO DE JANEIRO,RJ,LEAD_LIST_NAO_RELATORIO_CUSTO,A3a_CompetitorIntel,descobrir_maps|reviews|popular_times|instagram|google_light,MAX_ENRIQUECIMENTO=6,20,0.06,0.1,0.432,exportar_relatorios_com_score_bairro
UTF CACHAMORRA ACADEMIA DE GINASTICA LTD,21964816823,cel_recup,21,RIO DE JANEIRO,RJ,LEAD_LIST_NAO_RELATORIO_CUSTO,A3a_CompetitorIntel,descobrir_maps|reviews|popular_times|instagram|google_light,MAX_ENRIQUECIMENTO=6,20,0.06,0.1,0.432,exportar_relatorios_com_score_bairro
ACADEMIA K7 DE RESENDE LTDA,24999812042,cel_recup,24,RESENDE,RJ,LEAD_LIST_NAO_RELATORIO_CUSTO,A3a_CompetitorIntel,descobrir_maps|reviews|popular_times|instagram|google_light,MAX_ENRIQUECIMENTO=6,20,0.06,0.1,0.432,exportar_relatorios_com_score_bairro
ACADEMIA KONNEN VOLTA REDONDA LTDA,24999040248,cel_recup,24,VOLTA REDONDA,RJ,LEAD_LIST_NAO_RELATORIO_CUSTO,A3a_CompetitorIntel,descobrir_maps|reviews|popular_times|instagram|google_light,MAX_ENRIQUECIMENTO=6,20,0.06,0.1,0.432,exportar_relatorios_com_score_bairro
KPR ITAIPAVA ACADEMIA LTDA,24998669263,cel_recup,24,PETROPOLIS,RJ,LEAD_LIST_NAO_RELATORIO_CUSTO,A3a_CompetitorIntel,descobrir_maps|reviews|popular_times|instagram|google_light,MAX_ENRIQUECIMENTO=6,20,0.06,0.1,0.432,exportar_relatorios_com_score_bairro
ACADEMIA PLATAFORMA LTDA,27999499718,cel_recup,27,VITORIA,ES,LEAD_LIST_NAO_RELATORIO_CUSTO,A3a_CompetitorIntel,descobrir_maps|reviews|popular_times|instagram|google_light,MAX_ENRIQUECIMENTO=6,20,0.06,0.1,0.432,exportar_relatorios_com_score_bairro
SMART FIT CACHOEIRO LTDA,27999818693,cel_recup,27,CACHOEIRO DE ITAPE,ES,LEAD_LIST_NAO_RELATORIO_CUSTO,A3a_CompetitorIntel,descobrir_maps|reviews|popular_times|instagram|google_light,MAX_ENRIQUECIMENTO=6,20,0.06,0.1,0.432,exportar_relatorios_com_score_bairro
WELLNESS CLUB JARDIM DA PENHA LTDA,27988023178,cel_recup,27,VITORIA,ES,LEAD_LIST_NAO_RELATORIO_CUSTO,A3a_CompetitorIntel,descobrir_maps|reviews|popular_times|instagram|google_light,MAX_ENRIQUECIMENTO=6,20,0.06,0.1,0.432,exportar_relatorios_com_score_bairro
A&T FITNESS LTDA,31988414408,cel_recup,31,BELO HORIZONTE,MG,LEAD_LIST_NAO_RELATORIO_CUSTO,A3a_CompetitorIntel,descobrir_maps|reviews|popular_times|instagram|google_light,MAX_ENRIQUECIMENTO=6,20,0.06,0.1,0.432,exportar_relatorios_com_score_bairro
ACADEMIA PRATIQUE SAO BENTO LTDA,31998798422,cel_recup,31,BELO HORIZONTE,MG,LEAD_LIST_NAO_RELATORIO_CUSTO,A3a_CompetitorIntel,descobrir_maps|reviews|popular_times|instagram|google_light,MAX_ENRIQUECIMENTO=6,20,0.06,0.1,0.432,exportar_relatorios_com_score_bairro
ACADEMIA SAO SEBASTIAO FIT LTDA,31984022998,cel_recup,31,PALHOCA,SC,LEAD_LIST_NAO_RELATORIO_CUSTO,A3a_CompetitorIntel,descobrir_maps|reviews|popular_times|instagram|google_light,MAX_ENRIQUECIMENTO=6,20,0.06,0.1,0.432,exportar_relatorios_com_score_bairro
ACADEMIA VIDA ATIVA LTDA,31985040490,cel_recup,31,OURO PRETO,MG,LEAD_LIST_NAO_RELATORIO_CUSTO,A3a_CompetitorIntel,descobrir_maps|reviews|popular_times|instagram|google_light,MAX_ENRIQUECIMENTO=6,20,0.06,0.1,0.432,exportar_relatorios_com_score_bairro
CLUB BEAT LTDA,31997069798,cel_recup,31,BELO HORIZONTE,MG,LEAD_LIST_NAO_RELATORIO_CUSTO,A3a_CompetitorIntel,descobrir_maps|reviews|popular_times|instagram|google_light,MAX_ENRIQUECIMENTO=6,20,0.06,0.1,0.432,exportar_relatorios_com_score_bairro
VIVA BEM FITNESS LTDA,31985967434,cel_recup,31,OURO PRETO,MG,LEAD_LIST_NAO_RELATORIO_CUSTO,A3a_CompetitorIntel,descobrir_maps|reviews|popular_times|instagram|google_light,MAX_ENRIQUECIMENTO=6,20,0.06,0.1,0.432,exportar_relatorios_com_score_bairro
JHONE AUGUSTO CABRAL,32999990448,cel_recup,32,TOCANTINS,MG,LEAD_LIST_NAO_RELATORIO_CUSTO,A3a_CompetitorIntel,descobrir_maps|reviews|popular_times|instagram|google_light,MAX_ENRIQUECIMENTO=6,20,0.06,0.1,0.432,exportar_relatorios_com_score_bairro
ARENA 02 IRMAOS LTDA,33988573530,cel_recup,33,SAO JOAO EVANGELIS,MG,LEAD_LIST_NAO_RELATORIO_CUSTO,A3a_CompetitorIntel,descobrir_maps|reviews|popular_times|instagram|google_light,MAX_ENRIQUECIMENTO=6,20,0.06,0.1,0.432,exportar_relatorios_com_score_bairro
GARDEN GOLD ACADEMIA ALTO DO CORREGO LTD,34999757952,cel_recup,34,PARACATU,MG,LEAD_LIST_NAO_RELATORIO_CUSTO,A3a_CompetitorIntel,descobrir_maps|reviews|popular_times|instagram|google_light,MAX_ENRIQUECIMENTO=6,20,0.06,0.1,0.432,exportar_relatorios_com_score_bairro
GARDEN GOLD ACADEMIA BANDEIRANTES LTDA,34999759752,cel_recup,34,PARACATU,MG,LEAD_LIST_NAO_RELATORIO_CUSTO,A3a_CompetitorIntel,descobrir_maps|reviews|popular_times|instagram|google_light,MAX_ENRIQUECIMENTO=6,20,0.06,0.1,0.432,exportar_relatorios_com_score_bairro
LS CENTRO DE TREINAMENTO LTDA,34999749390,cel_recup,34,PRATA,MG,LEAD_LIST_NAO_RELATORIO_CUSTO,A3a_CompetitorIntel,descobrir_maps|reviews|popular_times|instagram|google_light,MAX_ENRIQUECIMENTO=6,20,0.06,0.1,0.432,exportar_relatorios_com_score_bairro
ORION FIT ACADEMIA LTDA,35987092572,cel_recup,35,VARGINHA,MG,LEAD_LIST_NAO_RELATORIO_CUSTO,A3a_CompetitorIntel,descobrir_maps|reviews|popular_times|instagram|google_light,MAX_ENRIQUECIMENTO=6,20,0.06,0.1,0.432,exportar_relatorios_com_score_bairro
ACOC COMERCIO E SERVICOS LTDA,37998134241,cel_recup,37,ITAUNA,MG,LEAD_LIST_NAO_RELATORIO_CUSTO,A3a_CompetitorIntel,descobrir_maps|reviews|popular_times|instagram|google_light,MAX_ENRIQUECIMENTO=6,20,0.06,0.1,0.432,exportar_relatorios_com_score_bairro
BNP COMERCIO E SERVICOS LTDA,37998660036,cel_recup,37,ITAUNA,MG,LEAD_LIST_NAO_RELATORIO_CUSTO,A3a_CompetitorIntel,descobrir_maps|reviews|popular_times|instagram|google_light,MAX_ENRIQUECIMENTO=6,20,0.06,0.1,0.432,exportar_relatorios_com_score_bairro
LCR COMERCIO E SERVICOS LTDA,37998097681,cel_recup,37,ITAUNA,MG,LEAD_LIST_NAO_RELATORIO_CUSTO,A3a_CompetitorIntel,descobrir_maps|reviews|popular_times|instagram|google_light,MAX_ENRIQUECIMENTO=6,20,0.06,0.1,0.432,exportar_relatorios_com_score_bairro
IFH FITNESS LTDA,38992489191,cel_recup,38,MONTES CLAROS,MG,LEAD_LIST_NAO_RELATORIO_CUSTO,A3a_CompetitorIntel,descobrir_maps|reviews|popular_times|instagram|google_light,MAX_ENRIQUECIMENTO=6,20,0.06,0.1,0.432,exportar_relatorios_com_score_bairro
A S CORPORATE LTDA,41995005367,cel_recup,41,COLOMBO,PR,LEAD_LIST_NAO_RELATORIO_CUSTO,A3a_CompetitorIntel,descobrir_maps|reviews|popular_times|instagram|google_light,MAX_ENRIQUECIMENTO=6,20,0.06,0.1,0.432,exportar_relatorios_com_score_bairro
SOLVE SOLUCOES LTDA,41988544642,cel_recup,41,CASCAVEL,PR,LEAD_LIST_NAO_RELATORIO_CUSTO,A3a_CompetitorIntel,descobrir_maps|reviews|popular_times|instagram|google_light,MAX_ENRIQUECIMENTO=6,20,0.06,0.1,0.432,exportar_relatorios_com_score_bairro
ACADEMIA LIFE FITNESS RIO AZUL LTDA.,42998521293,cel_recup,42,RIO AZUL,PR,LEAD_LIST_NAO_RELATORIO_CUSTO,A3a_CompetitorIntel,descobrir_maps|reviews|popular_times|instagram|google_light,MAX_ENRIQUECIMENTO=6,20,0.06,0.1,0.432,exportar_relatorios_com_score_bairro
ANDREIA SIMOES RODRIGUES FURTADO - FACCO,43991033817,cel_recup,43,GUAPIRAMA,PR,LEAD_LIST_NAO_RELATORIO_CUSTO,A3a_CompetitorIntel,descobrir_maps|reviews|popular_times|instagram|google_light,MAX_ENRIQUECIMENTO=6,20,0.06,0.1,0.432,exportar_relatorios_com_score_bairro
FORCE ONE,44991145002,cel_recup,44,CHAPECO,SC,LEAD_LIST_NAO_RELATORIO_CUSTO,A3a_CompetitorIntel,descobrir_maps|reviews|popular_times|instagram|google_light,MAX_ENRIQUECIMENTO=6,20,0.06,0.1,0.432,exportar_relatorios_com_score_bairro
RODRIGO MONTANARI,46999036083,cel_recup,46,FRANCISCO BELTRAO,PR,LEAD_LIST_NAO_RELATORIO_CUSTO,A3a_CompetitorIntel,descobrir_maps|reviews|popular_times|instagram|google_light,MAX_ENRIQUECIMENTO=6,20,0.06,0.1,0.432,exportar_relatorios_com_score_bairro
CONDOMINIO RESIDENCIAL COSTAO DA BARRA,47999112145,cel_recup,47,BALNEARIO CAMBORIU,SC,LEAD_LIST_NAO_RELATORIO_CUSTO,A3a_CompetitorIntel,descobrir_maps|reviews|popular_times|instagram|google_light,MAX_ENRIQUECIMENTO=6,20,0.06,0.1,0.432,exportar_relatorios_com_score_bairro
DIEGO WELTER TREINAMENTOS LTDA,47984050699,cel_recup,47,BARRA VELHA,SC,LEAD_LIST_NAO_RELATORIO_CUSTO,A3a_CompetitorIntel,descobrir_maps|reviews|popular_times|instagram|google_light,MAX_ENRIQUECIMENTO=6,20,0.06,0.1,0.432,exportar_relatorios_com_score_bairro
EVOLVE FITNESS STORE LTDA,47996715867,cel_recup,47,CANOINHAS,SC,LEAD_LIST_NAO_RELATORIO_CUSTO,A3a_CompetitorIntel,descobrir_maps|reviews|popular_times|instagram|google_light,MAX_ENRIQUECIMENTO=6,20,0.06,0.1,0.432,exportar_relatorios_com_score_bairro
EVOLVE SARDA JARSCHEL FITNESS LTDA,47997237878,cel_recup,47,CANOINHAS,SC,LEAD_LIST_NAO_RELATORIO_CUSTO,A3a_CompetitorIntel,descobrir_maps|reviews|popular_times|instagram|google_light,MAX_ENRIQUECIMENTO=6,20,0.06,0.1,0.432,exportar_relatorios_com_score_bairro
FABRICA CT ITAJAI LTDA,47999559680,cel_recup,47,ITAJAI,SC,LEAD_LIST_NAO_RELATORIO_CUSTO,A3a_CompetitorIntel,descobrir_maps|reviews|popular_times|instagram|google_light,MAX_ENRIQUECIMENTO=6,20,0.06,0.1,0.432,exportar_relatorios_com_score_bairro
FÁBRICA CT BALNEÁRIO CAMBORIÚ LTDA,47999999999,cel_recup,47,BALNEARIO CAMBORIU,SC,LEAD_LIST_NAO_RELATORIO_CUSTO,A3a_CompetitorIntel,descobrir_maps|reviews|popular_times|instagram|google_light,MAX_ENRIQUECIMENTO=6,20,0.06,0.1,0.432,exportar_relatorios_com_score_bairro
JOTAKA CONFECCOES LTDA,47998411126,cel_recup,47,BARRA VELHA,SC,LEAD_LIST_NAO_RELATORIO_CUSTO,A3a_CompetitorIntel,descobrir_maps|reviews|popular_times|instagram|google_light,MAX_ENRIQUECIMENTO=6,20,0.06,0.1,0.432,exportar_relatorios_com_score_bairro
LOSI SOLUCOES LOGISTICAS LTDA,47997071780,cel_recup,47,ITAJAI,SC,LEAD_LIST_NAO_RELATORIO_CUSTO,A3a_CompetitorIntel,descobrir_maps|reviews|popular_times|instagram|google_light,MAX_ENRIQUECIMENTO=6,20,0.06,0.1,0.432,exportar_relatorios_com_score_bairro
MG LOG TRANSPORTES LTDA,47996565295,cel_recup,47,ITAJAI,SC,LEAD_LIST_NAO_RELATORIO_CUSTO,A3a_CompetitorIntel,descobrir_maps|reviews|popular_times|instagram|google_light,MAX_ENRIQUECIMENTO=6,20,0.06,0.1,0.432,exportar_relatorios_com_score_bairro
ROBERTO LUZ ACADEMIA LTDA,47984113011,cel_recup,47,BALNEARIO PICARRAS,SC,LEAD_LIST_NAO_RELATORIO_CUSTO,A3a_CompetitorIntel,descobrir_maps|reviews|popular_times|instagram|google_light,MAX_ENRIQUECIMENTO=6,20,0.06,0.1,0.432,exportar_relatorios_com_score_bairro
RODOCOSTA TRANSPORTES LTDA,47999940146,cel_recup,47,BIGUACU,SC,LEAD_LIST_NAO_RELATORIO_CUSTO,A3a_CompetitorIntel,descobrir_maps|reviews|popular_times|instagram|google_light,MAX_ENRIQUECIMENTO=6,20,0.06,0.1,0.432,exportar_relatorios_com_score_bairro
SANCO ARMAZENS LTDA,47996520630,cel_recup,47,ITAJAI,SC,LEAD_LIST_NAO_RELATORIO_CUSTO,A3a_CompetitorIntel,descobrir_maps|reviews|popular_times|instagram|google_light,MAX_ENRIQUECIMENTO=6,20,0.06,0.1,0.432,exportar_relatorios_com_score_bairro
FOR FITNESS SC MANUTENCAO E REPARO DE MA,48988421152,cel_recup,48,FLORIANOPOLIS,SC,LEAD_LIST_NAO_RELATORIO_CUSTO,A3a_CompetitorIntel,descobrir_maps|reviews|popular_times|instagram|google_light,MAX_ENRIQUECIMENTO=6,20,0.06,0.1,0.432,exportar_relatorios_com_score_bairro
SOLUTION FITNESS COMERCIO E IMPORTACAO L,48991066392,cel_recup,48,FLORIANOPOLIS,SC,LEAD_LIST_NAO_RELATORIO_CUSTO,A3a_CompetitorIntel,descobrir_maps|reviews|popular_times|instagram|google_light,MAX_ENRIQUECIMENTO=6,20,0.06,0.1,0.432,exportar_relatorios_com_score_bairro
SR7 COMERCIO E IMPORTAÃ‡ÃƑO LTDA,48999360345,cel_recup,48,PALHOCA,SC,LEAD_LIST_NAO_RELATORIO_CUSTO,A3a_CompetitorIntel,descobrir_maps|reviews|popular_times|instagram|google_light,MAX_ENRIQUECIMENTO=6,20,0.06,0.1,0.432,exportar_relatorios_com_score_bairro
SPORTMANIA INDUSTRIA E COMERCIO DE APARE,51997713800,cel_recup,51,CAMPO BOM,RS,LEAD_LIST_NAO_RELATORIO_CUSTO,A3a_CompetitorIntel,descobrir_maps|reviews|popular_times|instagram|google_light,MAX_ENRIQUECIMENTO=6,20,0.06,0.1,0.432,exportar_relatorios_com_score_bairro
ACADEMIA SIXGYM FARROUPILHA LTDA,54992246774,cel_recup,54,FARROUPILHA,RS,LEAD_LIST_NAO_RELATORIO_CUSTO,A3a_CompetitorIntel,descobrir_maps|reviews|popular_times|instagram|google_light,MAX_ENRIQUECIMENTO=6,20,0.06,0.1,0.432,exportar_relatorios_com_score_bairro
CORE FITNESS LTDA,54991909860,cel_recup,54,FLORIANOPOLIS,SC,LEAD_LIST_NAO_RELATORIO_CUSTO,A3a_CompetitorIntel,descobrir_maps|reviews|popular_times|instagram|google_light,MAX_ENRIQUECIMENTO=6,20,0.06,0.1,0.432,exportar_relatorios_com_score_bairro
W7 ACADEMIA GARIBALDI LTDA,54999861680,cel_recup,54,GARIBALDI,RS,LEAD_LIST_NAO_RELATORIO_CUSTO,A3a_CompetitorIntel,descobrir_maps|reviews|popular_times|instagram|google_light,MAX_ENRIQUECIMENTO=6,20,0.06,0.1,0.432,exportar_relatorios_com_score_bairro
ACADEMIA LUSTOSA III LTDA,61981339544,cel_recup,61,BRASILIA,DF,LEAD_LIST_NAO_RELATORIO_CUSTO,A3a_CompetitorIntel,descobrir_maps|reviews|popular_times|instagram|google_light,MAX_ENRIQUECIMENTO=6,20,0.06,0.1,0.432,exportar_relatorios_com_score_bairro
ACADEMIA PERFORMANCE FIT LTDA,61991729117,cel_recup,61,BRASILIA,DF,LEAD_LIST_NAO_RELATORIO_CUSTO,A3a_CompetitorIntel,descobrir_maps|reviews|popular_times|instagram|google_light,MAX_ENRIQUECIMENTO=6,20,0.06,0.1,0.432,exportar_relatorios_com_score_bairro
BAN BAN ATIVIDADES ESPORTIVAS LTDA,61999741730,cel_recup,61,BRASILIA,DF,LEAD_LIST_NAO_RELATORIO_CUSTO,A3a_CompetitorIntel,descobrir_maps|reviews|popular_times|instagram|google_light,MAX_ENRIQUECIMENTO=6,20,0.06,0.1,0.432,exportar_relatorios_com_score_bairro
CARDOSO E BARBOSA FITNESS LTDA,61992015731,cel_recup,61,BRASILIA,DF,LEAD_LIST_NAO_RELATORIO_CUSTO,A3a_CompetitorIntel,descobrir_maps|reviews|popular_times|instagram|google_light,MAX_ENRIQUECIMENTO=6,20,0.06,0.1,0.432,exportar_relatorios_com_score_bairro
E SILVA COMERCIO & SERVICOS LTDA,61985655267,cel_recup,61,BRASILIA,DF,LEAD_LIST_NAO_RELATORIO_CUSTO,A3a_CompetitorIntel,descobrir_maps|reviews|popular_times|instagram|google_light,MAX_ENRIQUECIMENTO=6,20,0.06,0.1,0.432,exportar_relatorios_com_score_bairro
GAMA FITNESS ACADEMIA LTDA,61998843968,cel_recup,61,BRASILIA,DF,LEAD_LIST_NAO_RELATORIO_CUSTO,A3a_CompetitorIntel,descobrir_maps|reviews|popular_times|instagram|google_light,MAX_ENRIQUECIMENTO=6,20,0.06,0.1,0.432,exportar_relatorios_com_score_bairro
IPE DOURADO PARTICIPACOES LTDA,61992898106,cel_recup,61,BRASILIA,DF,LEAD_LIST_NAO_RELATORIO_CUSTO,A3a_CompetitorIntel,descobrir_maps|reviews|popular_times|instagram|google_light,MAX_ENRIQUECIMENTO=6,20,0.06,0.1,0.432,exportar_relatorios_com_score_bairro
JHT SP COMERCIO DE PRODUTOS E EQUIPAMENT,61982178822,cel_recup,61,BRASILIA,DF,LEAD_LIST_NAO_RELATORIO_CUSTO,A3a_CompetitorIntel,descobrir_maps|reviews|popular_times|instagram|google_light,MAX_ENRIQUECIMENTO=6,20,0.06,0.1,0.432,exportar_relatorios_com_score_bairro
L  A FITNESS LTDA,61992804525,cel_recup,61,BRASILIA,DF,LEAD_LIST_NAO_RELATORIO_CUSTO,A3a_CompetitorIntel,descobrir_maps|reviews|popular_times|instagram|google_light,MAX_ENRIQUECIMENTO=6,20,0.06,0.1,0.432,exportar_relatorios_com_score_bairro
LAERCIO VIEIRA DE AGUIAR,61999191302,cel_recup,61,BRASILIA,DF,LEAD_LIST_NAO_RELATORIO_CUSTO,A3a_CompetitorIntel,descobrir_maps|reviews|popular_times|instagram|google_light,MAX_ENRIQUECIMENTO=6,20,0.06,0.1,0.432,exportar_relatorios_com_score_bairro
M SPORTS ARTIGOS ESPORTIVOS LTDA,61999762000,cel_recup,61,BRASILIA,DF,LEAD_LIST_NAO_RELATORIO_CUSTO,A3a_CompetitorIntel,descobrir_maps|reviews|popular_times|instagram|google_light,MAX_ENRIQUECIMENTO=6,20,0.06,0.1,0.432,exportar_relatorios_com_score_bairro
RODRIGUES & MARINHO FITNESS LTDA,61999754257,cel_recup,61,VALPARAISO DE GOIA,GO,LEAD_LIST_NAO_RELATORIO_CUSTO,A3a_CompetitorIntel,descobrir_maps|reviews|popular_times|instagram|google_light,MAX_ENRIQUECIMENTO=6,20,0.06,0.1,0.432,exportar_relatorios_com_score_bairro
ACADEMIA PLAY FIT LTDA,62991920954,cel_recup,62,APARECIDA DE GOIAN,GO,LEAD_LIST_NAO_RELATORIO_CUSTO,A3a_CompetitorIntel,descobrir_maps|reviews|popular_times|instagram|google_light,MAX_ENRIQUECIMENTO=6,20,0.06,0.1,0.432,exportar_relatorios_com_score_bairro
BRAVUS EQUIPAMENTOS-COMERCIO DE ARTIGOS ,62998119208,cel_recup,62,GOIANIA,GO,LEAD_LIST_NAO_RELATORIO_CUSTO,A3a_CompetitorIntel,descobrir_maps|reviews|popular_times|instagram|google_light,MAX_ENRIQUECIMENTO=6,20,0.06,0.1,0.432,exportar_relatorios_com_score_bairro
FITNESS LAND COMERCIO VAREJISTA DE MATER,62994475620,cel_recup,62,BRASILIA,DF,LEAD_LIST_NAO_RELATORIO_CUSTO,A3a_CompetitorIntel,descobrir_maps|reviews|popular_times|instagram|google_light,MAX_ENRIQUECIMENTO=6,20,0.06,0.1,0.432,exportar_relatorios_com_score_bairro
OFICIAL IMPORTS LTDA,62981294723,cel_recup,62,GOIANIA,GO,LEAD_LIST_NAO_RELATORIO_CUSTO,A3a_CompetitorIntel,descobrir_maps|reviews|popular_times|instagram|google_light,MAX_ENRIQUECIMENTO=6,20,0.06,0.1,0.432,exportar_relatorios_com_score_bairro
PLAZADORO ACADEMIA LTDA,62993236427,cel_recup,62,GOIANIA,GO,LEAD_LIST_NAO_RELATORIO_CUSTO,A3a_CompetitorIntel,descobrir_maps|reviews|popular_times|instagram|google_light,MAX_ENRIQUECIMENTO=6,20,0.06,0.1,0.432,exportar_relatorios_com_score_bairro
VK FITNESS LTDA,62991531249,cel_recup,62,GOIANIA,GO,LEAD_LIST_NAO_RELATORIO_CUSTO,A3a_CompetitorIntel,descobrir_maps|reviews|popular_times|instagram|google_light,MAX_ENRIQUECIMENTO=6,20,0.06,0.1,0.432,exportar_relatorios_com_score_bairro
ALTUS FITNESS ACADEMIA LTDA,63992194546,cel_recup,63,PORTO NACIONAL,TO,LEAD_LIST_NAO_RELATORIO_CUSTO,A3a_CompetitorIntel,descobrir_maps|reviews|popular_times|instagram|google_light,MAX_ENRIQUECIMENTO=6,20,0.06,0.1,0.432,exportar_relatorios_com_score_bairro
HIIT LIVE SERVICOS ESPORTIVOS LTDA,63984062365,cel_recup,63,PALMAS,TO,LEAD_LIST_NAO_RELATORIO_CUSTO,A3a_CompetitorIntel,descobrir_maps|reviews|popular_times|instagram|google_light,MAX_ENRIQUECIMENTO=6,20,0.06,0.1,0.432,exportar_relatorios_com_score_bairro
KARVE GYM LTDA,63992179266,cel_recup,63,PALMAS,TO,LEAD_LIST_NAO_RELATORIO_CUSTO,A3a_CompetitorIntel,descobrir_maps|reviews|popular_times|instagram|google_light,MAX_ENRIQUECIMENTO=6,20,0.06,0.1,0.432,exportar_relatorios_com_score_bairro
ACADEMIA POWER.ON LTDA,65984130616,cel_recup,65,PONTES E LACERDA,MT,LEAD_LIST_NAO_RELATORIO_CUSTO,A3a_CompetitorIntel,descobrir_maps|reviews|popular_times|instagram|google_light,MAX_ENRIQUECIMENTO=6,20,0.06,0.1,0.432,exportar_relatorios_com_score_bairro
BRINK MOBIL EQUIPAMENTOS EDUCACIONAIS LT,65992263891,cel_recup,65,BLUMENAU,SC,LEAD_LIST_NAO_RELATORIO_CUSTO,A3a_CompetitorIntel,descobrir_maps|reviews|popular_times|instagram|google_light,MAX_ENRIQUECIMENTO=6,20,0.06,0.1,0.432,exportar_relatorios_com_score_bairro
DOUGLAS PICCINI FEIL,66999023731,cel_recup,66,SINOP,MT,LEAD_LIST_NAO_RELATORIO_CUSTO,A3a_CompetitorIntel,descobrir_maps|reviews|popular_times|instagram|google_light,MAX_ENRIQUECIMENTO=6,20,0.06,0.1,0.432,exportar_relatorios_com_score_bairro
GAVIÕES JABAQUARA,66999034197,cel_recup,66,SÃO PAULO,SP,LEAD_LIST_NAO_RELATORIO_CUSTO,A3a_CompetitorIntel,descobrir_maps|reviews|popular_times|instagram|google_light,MAX_ENRIQUECIMENTO=6,20,0.06,0.1,0.432,exportar_relatorios_com_score_bairro
LIFETIME FITNESS LTDA,66996005343,cel_recup,66,PRIMAVERA DO LESTE,MT,LEAD_LIST_NAO_RELATORIO_CUSTO,A3a_CompetitorIntel,descobrir_maps|reviews|popular_times|instagram|google_light,MAX_ENRIQUECIMENTO=6,20,0.06,0.1,0.432,exportar_relatorios_com_score_bairro
STUDIO FITNESS LTDA,66999847337,cel_recup,66,RONDONOPOLIS,MT,LEAD_LIST_NAO_RELATORIO_CUSTO,A3a_CompetitorIntel,descobrir_maps|reviews|popular_times|instagram|google_light,MAX_ENRIQUECIMENTO=6,20,0.06,0.1,0.432,exportar_relatorios_com_score_bairro
T C ACADEMIA FITNESS LTDA,69999999999,cel_recup,69,PORTO VELHO,RO,LEAD_LIST_NAO_RELATORIO_CUSTO,A3a_CompetitorIntel,descobrir_maps|reviews|popular_times|instagram|google_light,MAX_ENRIQUECIMENTO=6,20,0.06,0.1,0.432,exportar_relatorios_com_score_bairro
JANAN PIMENTEL DAKOUR,73999036332,cel_recup,73,NOVA VICOSA,BA,LEAD_LIST_NAO_RELATORIO_CUSTO,A3a_CompetitorIntel,descobrir_maps|reviews|popular_times|instagram|google_light,MAX_ENRIQUECIMENTO=6,20,0.06,0.1,0.432,exportar_relatorios_com_score_bairro
LOBO EMPREENDIMENTOS LTDA,73981094280,cel_recup,73,CRUZ DAS ALMAS,BA,LEAD_LIST_NAO_RELATORIO_CUSTO,A3a_CompetitorIntel,descobrir_maps|reviews|popular_times|instagram|google_light,MAX_ENRIQUECIMENTO=6,20,0.06,0.1,0.432,exportar_relatorios_com_score_bairro
COMPLEXO FITNESS,74999988202,cel_recup,74,IRECE,BA,LEAD_LIST_NAO_RELATORIO_CUSTO,A3a_CompetitorIntel,descobrir_maps|reviews|popular_times|instagram|google_light,MAX_ENRIQUECIMENTO=6,20,0.06,0.1,0.432,exportar_relatorios_com_score_bairro
ALPHA GYM ACADEMIA LTDA,81998736398,cel_recup,81,PALMARES,PE,LEAD_LIST_NAO_RELATORIO_CUSTO,A3a_CompetitorIntel,descobrir_maps|reviews|popular_times|instagram|google_light,MAX_ENRIQUECIMENTO=6,20,0.06,0.1,0.432,exportar_relatorios_com_score_bairro
ANDUVI INDUSTRIA E COMERCIO LTDA,81991664820,cel_recup,81,JABOATAO DOS GUARA,PE,LEAD_LIST_NAO_RELATORIO_CUSTO,A3a_CompetitorIntel,descobrir_maps|reviews|popular_times|instagram|google_light,MAX_ENRIQUECIMENTO=6,20,0.06,0.1,0.432,exportar_relatorios_com_score_bairro
ARENNA PRIME LTDA,81986208880,cel_recup,81,RECIFE,PE,LEAD_LIST_NAO_RELATORIO_CUSTO,A3a_CompetitorIntel,descobrir_maps|reviews|popular_times|instagram|google_light,MAX_ENRIQUECIMENTO=6,20,0.06,0.1,0.432,exportar_relatorios_com_score_bairro
MEDUARDA BEZERRA LTDA,81994433492,cel_recup,81,CARUARU,PE,LEAD_LIST_NAO_RELATORIO_CUSTO,A3a_CompetitorIntel,descobrir_maps|reviews|popular_times|instagram|google_light,MAX_ENRIQUECIMENTO=6,20,0.06,0.1,0.432,exportar_relatorios_com_score_bairro
NORDESTE EMBALAGENS E DISTRIBUICAO LTDA,81987977806,cel_recup,81,RECIFE,PE,LEAD_LIST_NAO_RELATORIO_CUSTO,A3a_CompetitorIntel,descobrir_maps|reviews|popular_times|instagram|google_light,MAX_ENRIQUECIMENTO=6,20,0.06,0.1,0.432,exportar_relatorios_com_score_bairro
RW PRIME ACADEMIA OLINDA LTDA,81999443035,cel_recup,81,PAULISTA,PE,LEAD_LIST_NAO_RELATORIO_CUSTO,A3a_CompetitorIntel,descobrir_maps|reviews|popular_times|instagram|google_light,MAX_ENRIQUECIMENTO=6,20,0.06,0.1,0.432,exportar_relatorios_com_score_bairro
BG FIT PV CONDICIONAMENTO FISICO LTDA,82999815908,cel_recup,82,MACEIO,AL,LEAD_LIST_NAO_RELATORIO_CUSTO,A3a_CompetitorIntel,descobrir_maps|reviews|popular_times|instagram|google_light,MAX_ENRIQUECIMENTO=6,20,0.06,0.1,0.432,exportar_relatorios_com_score_bairro
GABRIEL SANTOS LTDA,82996166391,cel_recup,82,SANTANA DO IPANEMA,AL,LEAD_LIST_NAO_RELATORIO_CUSTO,A3a_CompetitorIntel,descobrir_maps|reviews|popular_times|instagram|google_light,MAX_ENRIQUECIMENTO=6,20,0.06,0.1,0.432,exportar_relatorios_com_score_bairro
GINSENG ACADEMIA E CONDICIONAMENTO FISIC,82991082345,cel_recup,82,RECIFE,PE,LEAD_LIST_NAO_RELATORIO_CUSTO,A3a_CompetitorIntel,descobrir_maps|reviews|popular_times|instagram|google_light,MAX_ENRIQUECIMENTO=6,20,0.06,0.1,0.432,exportar_relatorios_com_score_bairro
STARFIT FITNESS & WELLNESS LTDA,82996896908,cel_recup,82,CAPELA,AL,LEAD_LIST_NAO_RELATORIO_CUSTO,A3a_CompetitorIntel,descobrir_maps|reviews|popular_times|instagram|google_light,MAX_ENRIQUECIMENTO=6,20,0.06,0.1,0.432,exportar_relatorios_com_score_bairro
ACADEMIA KORPUS MANAIRA LTDA,83996791111,cel_recup,83,JOAO PESSOA,PB,LEAD_LIST_NAO_RELATORIO_CUSTO,A3a_CompetitorIntel,descobrir_maps|reviews|popular_times|instagram|google_light,MAX_ENRIQUECIMENTO=6,20,0.06,0.1,0.432,exportar_relatorios_com_score_bairro
ATLAS TRAINING CENTER LTDA,84988883887,cel_recup,84,NATAL,RN,LEAD_LIST_NAO_RELATORIO_CUSTO,A3a_CompetitorIntel,descobrir_maps|reviews|popular_times|instagram|google_light,MAX_ENRIQUECIMENTO=6,20,0.06,0.1,0.432,exportar_relatorios_com_score_bairro
GG POWER FITNESS CENTRO DE TREINAMENTOS ,84998923322,cel_recup,84,NATAL,RN,LEAD_LIST_NAO_RELATORIO_CUSTO,A3a_CompetitorIntel,descobrir_maps|reviews|popular_times|instagram|google_light,MAX_ENRIQUECIMENTO=6,20,0.06,0.1,0.432,exportar_relatorios_com_score_bairro
M F ACADEMIA LTDA,84999559503,cel_recup,84,NATAL,RN,LEAD_LIST_NAO_RELATORIO_CUSTO,A3a_CompetitorIntel,descobrir_maps|reviews|popular_times|instagram|google_light,MAX_ENRIQUECIMENTO=6,20,0.06,0.1,0.432,exportar_relatorios_com_score_bairro
MJ FITNESS LTDA,84999501952,cel_recup,84,EXTREMOZ,RN,LEAD_LIST_NAO_RELATORIO_CUSTO,A3a_CompetitorIntel,descobrir_maps|reviews|popular_times|instagram|google_light,MAX_ENRIQUECIMENTO=6,20,0.06,0.1,0.432,exportar_relatorios_com_score_bairro
N S DA CRUZ FERNANDES,84991682200,cel_recup,84,GOIANINHA,RN,LEAD_LIST_NAO_RELATORIO_CUSTO,A3a_CompetitorIntel,descobrir_maps|reviews|popular_times|instagram|google_light,MAX_ENRIQUECIMENTO=6,20,0.06,0.1,0.432,exportar_relatorios_com_score_bairro
R F P FERREIRA,84981506615,cel_recup,84,CAICARA DO RIO DO ,RN,LEAD_LIST_NAO_RELATORIO_CUSTO,A3a_CompetitorIntel,descobrir_maps|reviews|popular_times|instagram|google_light,MAX_ENRIQUECIMENTO=6,20,0.06,0.1,0.432,exportar_relatorios_com_score_bairro
ACADEMIA CENTRAL FIT LTDA,85988005861,cel_recup,85,FORTALEZA,CE,LEAD_LIST_NAO_RELATORIO_CUSTO,A3a_CompetitorIntel,descobrir_maps|reviews|popular_times|instagram|google_light,MAX_ENRIQUECIMENTO=6,20,0.06,0.1,0.432,exportar_relatorios_com_score_bairro
ACADEMIA DUMBBELLS LTDA,85989769930,cel_recup,85,FORTALEZA,CE,LEAD_LIST_NAO_RELATORIO_CUSTO,A3a_CompetitorIntel,descobrir_maps|reviews|popular_times|instagram|google_light,MAX_ENRIQUECIMENTO=6,20,0.06,0.1,0.432,exportar_relatorios_com_score_bairro
AYO WELLNESS LTDA,85981091350,cel_recup,85,FORTALEZA,CE,LEAD_LIST_NAO_RELATORIO_CUSTO,A3a_CompetitorIntel,descobrir_maps|reviews|popular_times|instagram|google_light,MAX_ENRIQUECIMENTO=6,20,0.06,0.1,0.432,exportar_relatorios_com_score_bairro
BRA AUTO CENTER LTDA,85994069084,cel_recup,85,TERESINA,PI,LEAD_LIST_NAO_RELATORIO_CUSTO,A3a_CompetitorIntel,descobrir_maps|reviews|popular_times|instagram|google_light,MAX_ENRIQUECIMENTO=6,20,0.06,0.1,0.432,exportar_relatorios_com_score_bairro
CENTRO DE ATIVIDADES FISICAS FITCLUB LTD,85988278897,cel_recup,85,FORTALEZA,CE,LEAD_LIST_NAO_RELATORIO_CUSTO,A3a_CompetitorIntel,descobrir_maps|reviews|popular_times|instagram|google_light,MAX_ENRIQUECIMENTO=6,20,0.06,0.1,0.432,exportar_relatorios_com_score_bairro
DOS SANTOS ACADEMIA LTDA,85991375956,cel_recup,85,TERESINA,PI,LEAD_LIST_NAO_RELATORIO_CUSTO,A3a_CompetitorIntel,descobrir_maps|reviews|popular_times|instagram|google_light,MAX_ENRIQUECIMENTO=6,20,0.06,0.1,0.432,exportar_relatorios_com_score_bairro
JOMARA ROCHA DE MELO,85987191303,cel_recup,85,CAUCAIA,CE,LEAD_LIST_NAO_RELATORIO_CUSTO,A3a_CompetitorIntel,descobrir_maps|reviews|popular_times|instagram|google_light,MAX_ENRIQUECIMENTO=6,20,0.06,0.1,0.432,exportar_relatorios_com_score_bairro
MAX PREMIUM ACADEMIAS LTDA,85989284432,cel_recup,85,EUSEBIO,CE,LEAD_LIST_NAO_RELATORIO_CUSTO,A3a_CompetitorIntel,descobrir_maps|reviews|popular_times|instagram|google_light,MAX_ENRIQUECIMENTO=6,20,0.06,0.1,0.432,exportar_relatorios_com_score_bairro
NC ACADEMIAS LTDA,85988208622,cel_recup,85,MARACANAU,CE,LEAD_LIST_NAO_RELATORIO_CUSTO,A3a_CompetitorIntel,descobrir_maps|reviews|popular_times|instagram|google_light,MAX_ENRIQUECIMENTO=6,20,0.06,0.1,0.432,exportar_relatorios_com_score_bairro
PLAYFIT CE LTDA,85988904358,cel_recup,85,EUSEBIO,CE,LEAD_LIST_NAO_RELATORIO_CUSTO,A3a_CompetitorIntel,descobrir_maps|reviews|popular_times|instagram|google_light,MAX_ENRIQUECIMENTO=6,20,0.06,0.1,0.432,exportar_relatorios_com_score_bairro
TOP UP MESSEJANA LTDA,85997317467,cel_recup,85,FORTALEZA,CE,LEAD_LIST_NAO_RELATORIO_CUSTO,A3a_CompetitorIntel,descobrir_maps|reviews|popular_times|instagram|google_light,MAX_ENRIQUECIMENTO=6,20,0.06,0.1,0.432,exportar_relatorios_com_score_bairro
BARRA GRANDE KITE CAMP LTDA,86999833345,cel_recup,86,CAJUEIRO DA PRAIA,PI,LEAD_LIST_NAO_RELATORIO_CUSTO,A3a_CompetitorIntel,descobrir_maps|reviews|popular_times|instagram|google_light,MAX_ENRIQUECIMENTO=6,20,0.06,0.1,0.432,exportar_relatorios_com_score_bairro
FOUR FIT ACADEMIA LTDA,86999999999,cel_recup,86,BARRAS,PI,LEAD_LIST_NAO_RELATORIO_CUSTO,A3a_CompetitorIntel,descobrir_maps|reviews|popular_times|instagram|google_light,MAX_ENRIQUECIMENTO=6,20,0.06,0.1,0.432,exportar_relatorios_com_score_bairro
REGO E OLIVEIRA ADVOCACIA,86981853141,cel_recup,86,BARRAS,PI,LEAD_LIST_NAO_RELATORIO_CUSTO,A3a_CompetitorIntel,descobrir_maps|reviews|popular_times|instagram|google_light,MAX_ENRIQUECIMENTO=6,20,0.06,0.1,0.432,exportar_relatorios_com_score_bairro
ACADEMIA KS SERRA TALHADA LTDA,87999951546,cel_recup,87,SERRA TALHADA,PE,LEAD_LIST_NAO_RELATORIO_CUSTO,A3a_CompetitorIntel,descobrir_maps|reviews|popular_times|instagram|google_light,MAX_ENRIQUECIMENTO=6,20,0.06,0.1,0.432,exportar_relatorios_com_score_bairro
CT PRIME FIT LTDA,87988437555,cel_recup,87,PETROLINA,PE,LEAD_LIST_NAO_RELATORIO_CUSTO,A3a_CompetitorIntel,descobrir_maps|reviews|popular_times|instagram|google_light,MAX_ENRIQUECIMENTO=6,20,0.06,0.1,0.432,exportar_relatorios_com_score_bairro
ACADEMIA COMPLEXO VIA SAUDE LTDA,88993558303,cel_recup,88,SOBRAL,CE,LEAD_LIST_NAO_RELATORIO_CUSTO,A3a_CompetitorIntel,descobrir_maps|reviews|popular_times|instagram|google_light,MAX_ENRIQUECIMENTO=6,20,0.06,0.1,0.432,exportar_relatorios_com_score_bairro
CK ACADEMIA FITNESS.COM LTDA,88997048645,cel_recup,88,JUAZEIRO DO NORTE,CE,LEAD_LIST_NAO_RELATORIO_CUSTO,A3a_CompetitorIntel,descobrir_maps|reviews|popular_times|instagram|google_light,MAX_ENRIQUECIMENTO=6,20,0.06,0.1,0.432,exportar_relatorios_com_score_bairro
MATCH FIT ACADEMIA IGUATU LTDA,88999270667,cel_recup,88,IGUATU,CE,LEAD_LIST_NAO_RELATORIO_CUSTO,A3a_CompetitorIntel,descobrir_maps|reviews|popular_times|instagram|google_light,MAX_ENRIQUECIMENTO=6,20,0.06,0.1,0.432,exportar_relatorios_com_score_bairro
A3 ACADEMIA LTDA,91985188066,cel_recup,91,BARCARENA,PA,LEAD_LIST_NAO_RELATORIO_CUSTO,A3a_CompetitorIntel,descobrir_maps|reviews|popular_times|instagram|google_light,MAX_ENRIQUECIMENTO=6,20,0.06,0.1,0.432,exportar_relatorios_com_score_bairro
BONY FIT ACADEMIA LTDA,91981287827,cel_recup,91,PARAUAPEBAS,PA,LEAD_LIST_NAO_RELATORIO_CUSTO,A3a_CompetitorIntel,descobrir_maps|reviews|popular_times|instagram|google_light,MAX_ENRIQUECIMENTO=6,20,0.06,0.1,0.432,exportar_relatorios_com_score_bairro
BONY FIT CONDICIONAMENTO FISICO LTDA,91981414242,cel_recup,91,SANTAREM,PA,LEAD_LIST_NAO_RELATORIO_CUSTO,A3a_CompetitorIntel,descobrir_maps|reviews|popular_times|instagram|google_light,MAX_ENRIQUECIMENTO=6,20,0.06,0.1,0.432,exportar_relatorios_com_score_bairro
ONE ACADEMIA LTDA,93992102040,cel_recup,93,ITAITUBA,PA,LEAD_LIST_NAO_RELATORIO_CUSTO,A3a_CompetitorIntel,descobrir_maps|reviews|popular_times|instagram|google_light,MAX_ENRIQUECIMENTO=6,20,0.06,0.1,0.432,exportar_relatorios_com_score_bairro
E C EMPREENDIMENTOS LTDA,94992999851,cel_recup,94,CANAA DOS CARAJAS,PA,LEAD_LIST_NAO_RELATORIO_CUSTO,A3a_CompetitorIntel,descobrir_maps|reviews|popular_times|instagram|google_light,MAX_ENRIQUECIMENTO=6,20,0.06,0.1,0.432,exportar_relatorios_com_score_bairro
EPIC STUDIO DE CONDICIONAMENTO FISICO LT,98985827060,cel_recup,98,SAO LUIS,MA,LEAD_LIST_NAO_RELATORIO_CUSTO,A3a_CompetitorIntel,descobrir_maps|reviews|popular_times|instagram|google_light,MAX_ENRIQUECIMENTO=6,20,0.06,0.1,0.432,exportar_relatorios_com_score_bairro
CASA DO FITNESS COMERCIO DE PRODUTOS ESP,99999999999,cel_recup,99,BRASILIA,DF,LEAD_LIST_NAO_RELATORIO_CUSTO,A3a_CompetitorIntel,descobrir_maps|reviews|popular_times|instagram|google_light,MAX_ENRIQUECIMENTO=6,20,0.06,0.1,0.432,exportar_relatorios_com_score_bairro
